{
  "description": "Example FLORIS Input file",
  "farm": {
    "description": "Example 2x2 Wind Farm",
    "name": "farm_example_2x2",
    "properties": {
      "__comment__": "specified_wind_height of -1 uses the first turbine's hub height; After initialization, specified_wind_height is a free parameter.",
      "air_density": 1.225,
      "layout_x": [
        -461.8401761117857, -458.7966170011787, -473.82488028728403, -401.8104690510081, -207.79494495189283, -564.8326281484915, -503.7745878950227, -377.81598191312514, -226.80481021967717, -151.82254456693772, 518.2009738545166, 539.1956043764949, 559.1788372858427, 613.2401101976866, 674.2024894531351, 729.2408966413932, 836.1822216991568, 464.1803719876334, 473.1767571376404, 723.2161786274519, 876.2259446082171, 988.2137172546936, 1117.1980704467278, 1202.232286529499, 1288.1969518178375, -1435.3207997725112, -1535.012681623106, -1647.125407488551, -1817.7052026471356, -1337.7996802449925
      ],
      "layout_y": [
        1182.5889510493726, 979.5242867609486, 541.5248734178022, 375.5264634806663, 211.5825135363266, -303.470684944652, -499.4832515511662, -699.4700605962425, -934.4072332484648, -1110.43465284165, 1741.5012842798606, 1525.5140106808394, 1309.4967338480055, 1108.5038580121472, 924.5073737353086, 727.5473973182961, 402.58846807759255, 79.5063595417887, -110.48355897329748, -306.4285914953798, -455.4377290448174, -611.4478498855606, -759.4994423482567, -918.42237078771, -1074.4254643823951, -111.2958456845954, -397.7721206648275, -699.6220962908119, -956.7055909540504, -1161.1060299864039
      ],
      "specified_wind_height": -1,
      "turbulence_intensity": [
        0.09
      ],
      "wind_direction": [
        270.0
      ],
      "wind_shear": 0.12,
      "wind_speed": [
        9.0
      ],
      "wind_veer": 0.0,
      "wind_x": [
        -461.8401761117857, -458.7966170011787, -473.82488028728403, -401.8104690510081, -207.79494495189283, -564.8326281484915, -503.7745878950227, -377.81598191312514, -226.80481021967717, -151.82254456693772, 518.2009738545166, 539.1956043764949, 559.1788372858427, 613.2401101976866, 674.2024894531351, 729.2408966413932, 836.1822216991568, 464.1803719876334, 473.1767571376404, 723.2161786274519, 876.2259446082171, 988.2137172546936, 1117.1980704467278, 1202.232286529499, 1288.1969518178375, -1435.3207997725112, -1535.012681623106, -1647.125407488551, -1817.7052026471356, -1337.7996802449925
      ],
      "wind_y": [
        1182.5889510493726, 979.5242867609486, 541.5248734178022, 375.5264634806663, 211.5825135363266, -303.470684944652, -499.4832515511662, -699.4700605962425, -934.4072332484648, -1110.43465284165, 1741.5012842798606, 1525.5140106808394, 1309.4967338480055, 1108.5038580121472, 924.5073737353086, 727.5473973182961, 402.58846807759255, 79.5063595417887, -110.48355897329748, -306.4285914953798, -455.4377290448174, -611.4478498855606, -759.4994423482567, -918.42237078771, -1074.4254643823951, -111.2958456845954, -397.7721206648275, -699.6220962908119, -956.7055909540504, -1161.1060299864039
      ]
    },
    "type": "farm"
  },
  "floris_version": "v2.0.0",
  "logging": {
    "console": {
      "enable": true,
      "level": "INFO"
    },
    "file": {
      "enable": false,
      "level": "INFO"
    }
  },
  "name": "floris_input_file_Example",
  "turbine": {
    "description": "NREL 5MW",
    "name": "nrel_5mw",
    "properties": {
      "TSR": 8.0,
      "blade_count": 3,
      "blade_pitch": 0.0,
      "generator_efficiency": 1.0,
      "hub_height": 80.0,
      "ngrid": 5,
      "pP": 1.88,
      "pT": 1.88,
      "a": 0.33,
      "power_thrust_table": {
        "power": [
          0.0,
          0.135,
          0.356,
          0.442,
          0.461,
          0.458,
          0.431,
          0.397,
          0.349,
          0.293,
          0.232,
          0.186,
          0.151,
          0.125,
          0.104,
          0.087,
          0.074,
          0.063
          
        ],
        "thrust": [
          0.979,
          1.112,
          1.011,
          0.925,
          0.843,
          0.768,
          0.701,
          0.642,
          0.578,
          0.509,
          0.438,
          0.379,
          0.334,
          0.299,
          0.272,
          0.249,
          0.232,
          0.218
        ],
        "wind_speed": [
          3.0,
          4.0,
          5.0,
          6.0,
          7.0,
          8.0,
          9.0,
          10.0,
          11.0,
          12.0,
          13.0,
          14.0,
          15.0,
          16.0,
          17.0,
          18.0,
          19.0,
          20.0
        ]
      },
      "rloc": 0.5,
      "rotor_diameter": 82.0,
      "tilt_angle": 0.0,
      "use_points_on_perimeter": false,
      "yaw_angle": 0.0,
      "ai_set": 0.25,
      "ai_control": true
    },
    "type": "turbine"
  },
  "type": "floris_input",
  "wake": {
    "description": "wake",
    "name": "wake_default",
    "properties": {
      "combination_model": "sosfs",
      "deflection_model": "gauss",
      "parameters": {
        "wake_deflection_parameters": {
          "gauss": {
            "dm": 1.0,
            "eps_gain": 0.2,
            "use_secondary_steering": false
          }
        },
        "wake_turbulence_parameters": {
          "crespo_hernandez": {
            "ai": 0.8,
            "constant": 0.5,
            "downstream": -0.32,
            "initial": 0.1
          }
        },
        "wake_velocity_parameters": {
          "gauss_legacy": {
            "calculate_VW_velocities": false,
            "eps_gain": 0.2,
            "ka": 0.38,
            "kb": 0.004,
            "use_yaw_added_recovery": false
          }
        }
      },
      "turbulence_model": "crespo_hernandez",
      "velocity_model": "gauss_legacy"
    },
    "type": "wake"
  }
}
